# E_CM [keV], S [MeV.barn], S_error [MeV.barn]
2.542318523153942067e+01,5.662499999999997397e-02,3.297778108455273749e-03
4.282462453066332841e+01,6.037499999999997730e-02,4.328643369568625776e-03
