# E_CM [keV], S [MeV.barn], S_error [MeV.barn]
4.983367541182353307e+03,5.376664575202321217e-01,5.397934767581602511e-02
