E_CM [keV], S [keV.barn]
2479.5656843873967, 453.7540012548785
2884.3597460466017, 493.05116288962375
4470.10092201674, 602.1957185243475
4969.64895302713, 649.0033286186763
