E_CM [keV], S [keV.barn]
25.42318523153942, 56.62499999999997
42.82462453066333, 60.37499999999998
