E_CM [keV], S [keV.barn]
25.586917703079482, 59.92277810845525
42.87146392656872, 64.70364336956862
