E_CM [keV], S [keV.barn]
2483.3941275935053, 403.14836280880115
3772.68618463731, 650.8561887847882
4760.296917039765, 756.2883243116776
6055.012601958888, 792.3048291557218
