E_CM [keV], S [keV.barn]
2480.8418321227664, 436.885455106186
3776.259398296345, 603.6242595684494
4764.5720119532525, 699.7786947135578
6059.6067338062185, 731.5780630204289
