E_CM [keV], S [keV.barn]
59.23136119371839, 76.46149632180305
69.05651640841026, 89.94287055877285
79.25699118276202, 80.88589763656279
124.70783116815358, 94.28509938957578
