E_CM [keV], S [keV.barn]
2480.0761434815445, 447.0065827954016
2885.061627301054, 483.7734625078429
4471.1218402050345, 588.7008816053938
4975.965884317211, 635.5040251826485
