E_CM [keV], S [keV.barn]
4983.367541182353, 537.6664575202321
