E_CM [keV], S [keV.barn]
4979.283868429171, 591.6458051960481
