E_CM [keV], S [keV.barn]
58.796561978297156, 78.93859557595988
68.46730227462436, 94.94417779632717
78.78462802587651, 83.40463272120195
124.11701794657768, 97.21123747913184
