E_CM [keV], S [keV.barn]
25.561488437805146, 55.65193603568038
43.12792171365646, 57.645730748720474
